"conversation_id_str","created_at","favorite_count","full_text","id_str","image_url","in_reply_to_screen_name","lang","location","quote_count","reply_count","retweet_count","tweet_url","user_id_str","username"
"1790004074730963368","Mon May 13 13:00:02 +0000 2024","0","Lagian anjir lu ga monitor dulu apa itu si macan brazil sebelum lu beli. Gue nonton brazil u23 lawan maroc aja mereka terseok seok. Ga ada serem seremnya. Si macan ga bisa bikin goal yg ada dikantongin si chadi!! Inget gue dia kena tackle duluan belum juga masuk kotak","1790004074730963368","","","in","Neo Zone","0","0","0","https://twitter.com/alejandro3alde/status/1790004074730963368","1169878391979311104","alejandro3alde"
"1790000206513070254","Mon May 13 12:44:40 +0000 2024","0","Lawan timnas u23 juga kalah ini mah. ","1790000206513070254","","","in","Prapatan Somalia Ngiri Dikit","0","0","0","https://twitter.com/BR19_/status/1790000206513070254","881458380","BR19_"
"1789996463243587627","Mon May 13 12:29:48 +0000 2024","0","Buat negara yang belom menangin ini piala terlalu sombong kalo bilang ini ga penting. Juara dulu sekali abis itu selanjutnya pake u23 aja","1789996463243587627","","","in","","0","1","2","https://twitter.com/dhikaritoo/status/1789996463243587627","1438405472701190150","dhikaritoo"
"1789994174395068613","Mon May 13 12:20:42 +0000 2024","0","anjay ternyata yg otw paris bukan timnas u23 ","1789994174395068613","","","in","","0","0","0","https://twitter.com/tjacing/status/1789994174395068613","1223179595228180480","tjacing"
"1789478824310354371","Mon May 13 11:58:13 +0000 2024","0","@Mayrein2 Semoga terbalaskan di pildun nanti &amp; 4 tahun kemudian bs lolos olimpiade &amp; juara baik piala asia senior / u23. Aamiin","1789988518271332712","","Mayrein2","in","","0","0","0","https://twitter.com/yede19042/status/1789988518271332712","1660892320177455105","yede19042"
"1789973177323684272","Mon May 13 11:48:11 +0000 2024","0","@labiebsadat Kalo boleh saran pemain full lokal liga 1 dan sebagian besar skuad u23 piala asia kemarin dan abroad liga asia khususnya asean seperti saddil asnawi arhan ji dayat boleh dicoba tuh","1789985993451249696","","labiebsadat","in","","0","0","0","https://twitter.com/Ilham_491/status/1789985993451249696","1207848126343565313","Ilham_491"
"1789979652578009098","Mon May 13 11:47:51 +0000 2024","0","@vixhd @InfosuporterID bener kasih pemain yg main di liga lokal dan jarang dapat bermain di timnas senior atau u23. biar nambah jam terbang international ","1789985906343965004","","vixhd","in","","0","0","0","https://twitter.com/yangpentingasyi/status/1789985906343965004","1250311766568914944","yangpentingasyi"
"1789980239281475623","Mon May 13 11:25:19 +0000 2024","0","Keputusan Gila Ketum PSSI Erick Membuat Semua Terkejut! Meskipun Kalah Timnas Indonesia U23 Bawa Kabar Baik https://t.co/sbJXlorUxf","1789980239281475623","","","in","","0","0","0","https://twitter.com/Jablekenko/status/1789980239281475623","1627091638215643137","Jablekenko"
"1789928071333867897","Mon May 13 11:15:08 +0000 2024","0","@idextratime sebenernya gak ada yang aneh sih kemarin aja pemain afc u23 yang dipanggil pemain keturunan semua contoh - tjoe a on hubner keturunan rotterdam - komang keturunan bali - marselino keturunan medan - stroyer keturunan biak jadi stop bilang pemain keturunan lah netizen terhormat","1789977676368797755","","idextratime","in","","0","0","0","https://twitter.com/KingCrot/status/1789977676368797755","2886478044","KingCrot"
"1789928071333867897","Mon May 13 11:14:15 +0000 2024","0","@idextratime Semoga jadi bekal yg baik untuk generasi u23 di piala asia 2026 nnt ","1789977450878792074","","idextratime","in","EXO PLANET üìç| ANTI SOLO STAN","0","0","0","https://twitter.com/sec_retmine/status/1789977450878792074","2240276701","sec_retmine"
"1789973177323684272","Mon May 13 11:13:23 +0000 2024","0","@labiebsadat Boleh lah buat yang U23 + ditambah pemain keturunan yang udah dikontak kemarin sama IS kalo diijinin","1789977232498176340","","labiebsadat","in","","0","0","0","https://twitter.com/LuxuryBroz/status/1789977232498176340","1467146467550793729","LuxuryBroz"
"1789843058529345641","Mon May 13 11:03:45 +0000 2024","0","@august_sukmana @GarindraDC @BaliUtd @afcasiancup U23 kenapa emangnya??","1789974808869880037","","august_sukmana","in","Bogor, Jawa Barat","0","0","0","https://twitter.com/Doni_TemonKW/status/1789974808869880037","1094023037597315072","Doni_TemonKW"
"1789973177323684272","Mon May 13 11:00:04 +0000 2024","1","@labiebsadat Kalo masuk R3 pertandingan terakhir bulan November dan mepet jg di event Piala AFF lebih baik pakai pemain2 dari U20 dan u23 di tambah beberapa pemain senior di Liga 1","1789973881840619899","","labiebsadat","in","DIY,Daerah Istimewa Yogyakarta","0","0","0","https://twitter.com/aardwi15/status/1789973881840619899","1923596941","aardwi15"
"1789971750786158833","Mon May 13 10:51:36 +0000 2024","0","Lumayan Buat: Piala Asia Kelompok Umur (U16 s/d U23) Asian Games 2026 Sea Games 2025-2027","1789971750786158833","","","in","TNG-BDG-TSM-SMG-SOC","0","0","0","https://twitter.com/crazyricbintaro/status/1789971750786158833","1760194782658453504","crazyricbintaro"
"1789645234831540402","Mon May 13 10:49:51 +0000 2024","0","@SiaranBolaLive Mendingan turunin U23 aja sekalian jaga intensitas tim muda kita.","1789971313668333933","","SiaranBolaLive","in","","0","0","0","https://twitter.com/Themarshallisme/status/1789971313668333933","1687873694566387712","Themarshallisme"
"1789864418324390351","Mon May 13 10:30:12 +0000 2024","1","@Saram_ina @fauziiiiiiiii23 @ansupati10 @jazcokelat @FaktaSepakbola Ya itu orang tolol aja yg komen gitu. Masuk ke tim senior itu udah biasa. Pemain dari tim muda bisa dimasukin ke skuad senior kapan pun. Bukan berarti diturunin ke tim u23 atau diloan artinya downgrade. Level dia ya emang belum utk premier league.","1789966368336437610","","Saram_ina","in","Agam, Sumatera Barat","0","1","0","https://twitter.com/Byakurannnn/status/1789966368336437610","773914099","Byakurannnn"
"1789864418324390351","Mon May 13 10:08:26 +0000 2024","0","@aboutsolitude @Dicky_Arya11 @FaktaSepakbola Semoga krn wkt dibeli sempet cedera &amp; pemulihan di kelompok umur sebelum di loan ke herenveen semoga swansea liat skill dia di piala asia u23 dan tertarik mainin di di senior swansea ( ky dulu tertarik skill excelsior )","1789960887668822476","","aboutsolitude","in","","0","0","0","https://twitter.com/yede19042/status/1789960887668822476","1660892320177455105","yede19042"
"1789958807151673843","Mon May 13 10:00:10 +0000 2024","1","Mentalitas baja Ilham Rio Fahmi: Beres U23 siap tembus Timnas Indonesia Senior! https://t.co/jh9XDn9DCd","1789958807151673843","","","in","","0","3","0","https://twitter.com/Bolanet/status/1789958807151673843","85537477","Bolanet"
"1789626589312848324","Mon May 13 09:57:48 +0000 2024","0","@theaseanball Gimana turunin timnas yang di latih coach nova mereka juga perlu jam terbang gimana juga mereka bbrp tahun lagi akan jadi tulang punggung timnas U20 dan U23 ...","1789958214458454416","","theaseanball","in","","0","0","0","https://twitter.com/kawanawan88/status/1789958214458454416","1710293524023738368","kawanawan88"
"1789912068688064550","Mon May 13 06:54:26 +0000 2024","0","adem banget liat sepuh nurunin cuan walaupun di luar panas Link join di bawah ini https://t.co/3sJkWOV2p2 #stasiunplay #slotgacorindonesia #u23 #timnasindonesia #viral #fyp #lambeturah #artisviral https://t.co/HNhQBT1Hjp","1789912068688064550","https://pbs.twimg.com/ext_tw_video_thumb/1789911875007995904/pu/img/b3w2JqAieluJGCv4.jpg","","in","INDONESIA","0","0","4","https://twitter.com/stasiunplay88/status/1789912068688064550","1518529392645128192","stasiunplay88"
"1789910463838409071","Mon May 13 06:48:04 +0000 2024","81","Jalan pintas ini akan terus dipakai. Terbukti kan kemarin piala asia u23 semua juga bahagia. Bung Towel jadi musuh bersama.","1789910463838409071","","","in","Cipayung, Indonesia","1","9","25","https://twitter.com/NOTASLIMBOY/status/1789910463838409071","19190361","NOTASLIMBOY"
"1789829832332751259","Mon May 13 06:19:11 +0000 2024","0","@thvblast Jokowi predeksi timnas u23","1789903197374497174","","thvblast","in","","0","0","0","https://twitter.com/RadjoBoengsoe/status/1789903197374497174","38143860","RadjoBoengsoe"
"1789639396461010944","Mon May 13 06:13:54 +0000 2024","0","@andrariez @garagarabola_ Lu sangka AFC U23 masuk kalender FIFA? Lu kira piala dunia U20 masuk kalender FIFA? bolak balik ngeles malah bolak balik gw gamparin opini lu.","1789901866333032754","","andrariez","in","sumatera-jakarta","0","1","0","https://twitter.com/BudiNafa/status/1789901866333032754","3138318758","BudiNafa"
"1789897779541651785","Mon May 13 05:57:39 +0000 2024","0","LOKER ROOM TIMNAS INDONESIA U23........ pedih https://t.co/ILzRfee9CB","1789897779541651785","https://pbs.twimg.com/ext_tw_video_thumb/1789897565292666880/pu/img/RbkjCcDGu4mFinvf.jpg","","in","Padang","0","0","0","https://twitter.com/CelahSumbar/status/1789897779541651785","1655524487646048256","CelahSumbar"
"1789894513416176069","Mon May 13 05:44:41 +0000 2024","0","kalo disuruh milih timnas u23 sambil merem mah jg tetep ak tunjukin semua anjirr ganteng2 bgggt","1789894513416176069","","","in","","0","0","0","https://twitter.com/iondyy/status/1789894513416176069","1187221688473145344","iondyy"
"1789861264925376782","Mon May 13 05:31:00 +0000 2024","1","@ariefinfm @utdabout Emyu lawan timnas u23 jika bakal kalah kecuali wasitnya mihak emyu","1789891072841130191","","ariefinfm","in","kandolo","0","1","0","https://twitter.com/Danxixie23/status/1789891072841130191","1518691655477755904","Danxixie23"
"1789639396461010944","Mon May 13 05:24:17 +0000 2024","0","@BudiNafa @garagarabola_ Terlepas dari itu. Tim muda thailand mengalami regresi generasi. Tim thailand sea games 2023 dan piala asia aff u23 adalah tim thailand paling busuk yang pernah saya tonton","1789889378644291885","","BudiNafa","in","","0","1","0","https://twitter.com/alvinsyarif8/status/1789889378644291885","1350782712999682050","alvinsyarif8"
"1789882361758220739","Mon May 13 04:56:24 +0000 2024","0","Viral di media sosial momen pilu Shin Tae-yong saat dan dipeluk pemain-pemain Timnas Indonesia u23 di ruang ganti usai menelan kekalahan di Laga Indonesia U23 vs Guinea. Video itu diunggah oleh dokter Alfan Asyhar yang merupakan dokter timnas. https://t.co/WJYmvJKN65","1789882361758220739","https://pbs.twimg.com/ext_tw_video_thumb/1789880305740066816/pu/img/uyKC8f-Z6sV2NpaA.jpg","","in","Solo, Central Java, Indonesia","0","0","0","https://twitter.com/soloposdotcom/status/1789882361758220739","155169715","soloposdotcom"
"1789878807819673909","Mon May 13 04:42:16 +0000 2024","0","Ya pantes aja ga timnas putri ga timnas U23 orientasinya cuma hasil. Cuman getol cari pemain diaspora tapi ga mau perbaiki sepakbola Indonesia secara keseluruhan. B.E.D.A indeed","1789878807819673909","","","in","Bandung, Jawa Barat","0","0","0","https://twitter.com/Abelchenko/status/1789878807819673909","122659828","Abelchenko"
"1789645234831540402","Mon May 13 04:40:59 +0000 2024","0","@SiaranBolaLive ksih u23 yg maen kalo masih fiprotes ksi pemain liga lokal aja toh gak penting¬≤ amat fokus di kualifikasi piala dunia aja lebih masok akal....","1789878484740804677","","SiaranBolaLive","in","Nusa Tenggara Timur, Indonesia","0","0","0","https://twitter.com/Ipur6661/status/1789878484740804677","1950673182","Ipur6661"
"1789878387722359057","Mon May 13 04:40:36 +0000 2024","11","Mau TimNas U23 menang ataupun kalah aye sbgai fans timnas sejak kecil ga akan pernah lupa perihal penolakan World Cup U 20 2023 benar2 membuat malu NKRI di kancah internasional. 16% itu hukuman. Kita lihat gmn masib Koster. @snjayajonggrang @BBerizik @BuayaUbanan #MenolakLupa https://t.co/P9UqC3omN1","1789878387722359057","https://pbs.twimg.com/media/GNbs6HKagAElFUU.jpg","","in","Brussel, Belgia","1","2","3","https://twitter.com/H1m4_W4r1/status/1789878387722359057","1379044492464943104","H1m4_W4r1"
"1789854654169289181","Mon May 13 04:31:12 +0000 2024","0","@Indostransfer u23 ditangguhkan apa dipake lagi di championship series?","1789876023032447336","","Indostransfer","in","","0","0","0","https://twitter.com/hashslingingggg/status/1789876023032447336","1261325948412022784","hashslingingggg"
"1789849800109953267","Mon May 13 04:16:11 +0000 2024","0","@Jumianto_RK @CNNIndonesia Piala AFC U23 lokal engga sehebat naturalisasi","1789872243092103646","","Jumianto_RK","in","","0","1","1","https://twitter.com/ekopras96808127/status/1789872243092103646","1576841477140848642","ekopras96808127"
"1789816718753194494","Mon May 13 04:06:32 +0000 2024","0","Beberapa pertandingan besar dan penghargaan yang didapatkan oleh Seol Youngwoo dan timnya: Ulsan HD - AFC Champions League: 2020 - K League 1: 2022 2023 - Korean FA Cup runner-up: 2020 South Korea U23 - Asian Games: 2022","1789869812308406741","","zharnghaou","in","GSPers.","0","1","0","https://twitter.com/zharnghaou/status/1789869812308406741","1345071573187772417","zharnghaou"
"1789551220220457088","Mon May 13 04:04:19 +0000 2024","0","@reh_wulang @AugotaReynaldi @SiaranBolaLive Ivar timnas u23 vs irak dan ivar timnas u23 vs turkmenistan tersenyum liat komenmu ","1789869255061557584","","reh_wulang","in","","0","0","0","https://twitter.com/OnixRock1902/status/1789869255061557584","2979175428","OnixRock1902"
"1789866830976155767","Mon May 13 03:54:41 +0000 2024","0","yg blg gw fomo sini monyet sblm u23 gw nonton pepe trs gw masih inget bgttt gw nobar ama oma gw pas 2010 krn indonesia smpet maen bagus tu enk bgt cocot lu blg gw faking fomoan gw suka dr jaman irfan bachdim bp sm Gonzalez https://t.co/WOTSJJP3Cp","1789866830976155767","https://pbs.twimg.com/media/GNbiY-Ya4AAgDYt.jpg","","in","","0","0","0","https://twitter.com/stobelscocktail/status/1789866830976155767","1141208428091564032","stobelscocktail"
"1789864046365143121","Mon May 13 03:43:37 +0000 2024","0","Fans fomo ya g tahu min kenapa elkan g gabung timnas u23","1789864046365143121","","","in","Merauke - Jakarta","0","0","0","https://twitter.com/muhkamz/status/1789864046365143121","837565698","muhkamz"
"1789853805590315390","Mon May 13 03:41:19 +0000 2024","0","@Bolalob Pakai pemain2 dari u20 dan beberapa pemain u23 di tambah pemain senior yg main di Liga 1","1789863466825580974","","Bolalob","in","DIY,Daerah Istimewa Yogyakarta","0","0","0","https://twitter.com/aardwi15/status/1789863466825580974","1923596941","aardwi15"
"1789058037002428830","Mon May 13 03:17:36 +0000 2024","0","@PantauManCity Ini kalau lawan tim u23 . Bakal menang ini akademi city .","1789857501275443582","","PantauManCity","in","","0","0","0","https://twitter.com/Emonal10/status/1789857501275443582","1521021162649579523","Emonal10"
"1789846131201241577","Mon May 13 03:12:20 +0000 2024","9","@rhnMuhammad_ @Indostransfer Memang benar darurat RB ngak cuma di Senior di U23 juga gitu. Opsi paling bagus sebenarnya Kevik Diks &amp; Tristan Goojeir. Tapi Tristan masih kehadang restu keluarga nya RMS. Opsi lain ada Luca Everink. Tinggal tergantung PSSI &amp; STY aja ini beneran butuh banget atau ngak.","1789856172431770099","","rhnMuhammad_","in","ID üáÆüá© MY üá≤üáæ","0","0","0","https://twitter.com/sansan_3110/status/1789856172431770099","1078533574201008128","sansan_3110"
"1789851955231101084","Mon May 13 03:03:05 +0000 2024","5","@womensfootie_id kalo gitu ga malu napa ama uzbek... yg cowok aja kalah telak kemarin waktu U23 asian cup","1789853846828699811","","womensfootie_id","in","Bali, ID","0","0","0","https://twitter.com/gdbjn15/status/1789853846828699811","876681636","gdbjn15"
"1789852985633202280","Mon May 13 02:59:40 +0000 2024","1","Nobar semi final Piala Asia U23 antara Timnas Indonesia U23 vs Uzbekistan U23 di Polsek Wasior Polres Teluk Wondama https://t.co/bMrNOVaGP7","1789852985633202280","https://pbs.twimg.com/media/GNbUrNTaoAA6yjQ.jpg","","in","","0","0","0","https://twitter.com/PolresTW/status/1789852985633202280","1468109313977683978","PolresTW"
"1789849104123671029","Mon May 13 02:44:14 +0000 2024","1","NEW Member dapatkan bonus 50% Ayo segera Daftarkan diri anda untuk claim bonusnya!!! Link join di bawah ini https://t.co/3sJkWOV2p2 #stasiunplay #slotgacorindonesia #u23 #timnasindonesia #viral #fyp #lambeturah #artisviral https://t.co/UzSkIWP0JA","1789849104123671029","https://pbs.twimg.com/media/GNbRtl7aQAALGfo.jpg","","in","INDONESIA","0","0","4","https://twitter.com/stasiunplay88/status/1789849104123671029","1518529392645128192","stasiunplay88"
"1789645234831540402","Mon May 13 02:13:27 +0000 2024","0","@SiaranBolaLive Kalo emng pinter karena ini turnamen d tgh2 kualifikasi pildun yg main bkn skuad utama atau ga pake abboard kita pake full pemain liga 1 atau u23 aja","1789841354090062296","","SiaranBolaLive","in","","0","0","0","https://twitter.com/nir12345535/status/1789841354090062296","562512623","nir12345535"
"1789836576467386491","Mon May 13 01:54:28 +0000 2024","0","Timnas üáÆüá© U23 lawan @juventusfc saya yakin Timnas üáÆüá© U23 bisa menang telak lah... Juventus sekarang dah kek tim medioker ga layak di posisi 4 besar tim Serie A","1789836576467386491","","","in","Indonesia","0","1","0","https://twitter.com/aand_tjg/status/1789836576467386491","2387537562","aand_tjg"
"1789642962118558135","Mon May 13 01:48:33 +0000 2024","0","@kutamparr @tanyakanrl Ini adalah salah satu generasi emas u23 tapi sayang blom rejeki ke olimpiade semoga diganti dengan piala dunia","1789835088680603974","","kutamparr","in","batam","0","0","0","https://twitter.com/RifqyNovyd/status/1789835088680603974","856459739135229952","RifqyNovyd"
"1789634236447932791","Mon May 13 01:45:11 +0000 2024","1","@lachibolala0613 Nathan Tjoe A On pemain timnas u23","1789834243066978567","","lachibolala0613","in","","0","0","0","https://twitter.com/riapjm_/status/1789834243066978567","1160415563035729920","riapjm_"
"1789830388564529376","Mon May 13 01:29:52 +0000 2024","11","Klu menang so pasti pak ganjar akan ke bawa bawa oleh buzzer gemoy dlm narasi soal PD U20. Bgt kalah rasis ke guinea &amp; isu PD U20 senyap seketika. #TimnasIndonesia luar biasa catat sejarah U23 pertama kali capai semifinal piala Asia dan kualifikasi Olimpik setelah tahun 1956. https://t.co/wbsCVeZEdg","1789830388564529376","https://pbs.twimg.com/ext_tw_video_thumb/1789830351139033088/pu/img/AgKSqedqzsb9YVV9.jpg","","in","Indonesia","1","3","1","https://twitter.com/3rwin__34/status/1789830388564529376","1385407713987874820","3rwin__34"
"1789822936347447742","Mon May 13 01:00:15 +0000 2024","2","Dhuha time 12 Raka'at. #sempetin Ô∏èÔ∏èÔ∏è Emak Rakjel. yatim Berjualan. ricis sumbar subang study tour kecelakaan po Bus banjir pray for korea gempa guinea witan bola MU gibran prabowo mahalini raf gaza u23","1789822936347447742","","","in","","0","0","1","https://twitter.com/NurilHiLma2022/status/1789822936347447742","1317084070468177920","NurilHiLma2022"
"1789822436441038946","Mon May 13 00:58:16 +0000 2024","2","sakit muriang baru 3 hari bdn udh turun sekilo .. cepet bngt Ô∏è Emak Rakjel. ricis sumbar subang kecelakaan po Bus banjir pray for korea gempa guinea witan bola MU gibran prabowo mahalini raf gaza u23","1789822436441038946","","","in","","0","0","1","https://twitter.com/NurilHiLma2022/status/1789822436441038946","1317084070468177920","NurilHiLma2022"
"1789456316366467121","Sun May 12 14:05:23 +0000 2024","0","@everyoneislier @maliikedgar @ShofwanMuis @Indostransfer Padahal gw sendiri ga ada bilang spesifik pas lawan uzbek lo gw bilang u23 lawan uzbek gw tau kali ampas semua wkwkw cil cil","1789658129862738355","","everyoneislier","in","","0","0","0","https://twitter.com/chemat_1st/status/1789658129862738355","1937801844","chemat_1st"
"1789657279052366019","Sun May 12 14:02:00 +0000 2024","0","Kalian sedih apalagi kami ..... Liat nathan sampai ngegenggam tangan kaya nahan sedih banget. Timnas U23 kalian Hebat dan Terimakasih atas perjuangan kalian. Coach Shin Terimakasih atas dedikasimu Sampai ketemu lagi 2026 ","1789657279052366019","","","in","","0","0","0","https://twitter.com/Wellies1414/status/1789657279052366019","1500980883700199425","Wellies1414"
"1789635557003587804","Sun May 12 14:00:23 +0000 2024","0","@kaitou_kicks @Indostransfer pemain u23 kebanyakan di senior udah bener pemain Full Liga 1 aja","1789656873001763154","","kaitou_kicks","in","","0","0","0","https://twitter.com/eza_pri/status/1789656873001763154","1646782553502695424","eza_pri"
"1789656705800011841","Sun May 12 13:59:43 +0000 2024","0","Sudah sering saya sampaikan bahwa tim Garuda U23 kita sudah lebih bagus dibanding 2 tahun yang lalu. Dalam laga piala Asia dan play off olympiade tim kita sering kalah karena wasitnya curang wasit melakukan kesalahan entah sengaja atau tidak. https://t.co/uNKkkigy2h","1789656705800011841","","","in","Semarang City","0","0","0","https://twitter.com/donibar/status/1789656705800011841","74681935","donibar"
"1789635557003587804","Sun May 12 13:56:50 +0000 2024","0","@Indostransfer @Bondan_ts 100% gua yakin bakal dihujat kalo kalah mau pake u20 kek senior u23 tetap aja kalo kalah pasti dihujat ama netizen kntl","1789655980541915206","","Indostransfer","in","","0","0","0","https://twitter.com/eza_pri/status/1789655980541915206","1646782553502695424","eza_pri"
"1789635557003587804","Sun May 12 13:52:43 +0000 2024","0","@Indostransfer Pake U23 juga gas ini mah","1789654944104276394","","Indostransfer","in","","0","0","0","https://twitter.com/jeki05624057454/status/1789654944104276394","1680651410919280640","jeki05624057454"
"1789639396461010944","Sun May 12 13:40:57 +0000 2024","46","@garagarabola_ Bapak @erickthohir please banget ini jangan ganggu pemain di klub eropa/jepang. Klo mau pemain U23 atau full liga 1 saja. Kalo juara pun Turnamen ini engagement nya udah gak tinggi tinggi banget jadiin pembinaan aja","1789651982174900670","","garagarabola_","in","","0","4","3","https://twitter.com/hallofe8/status/1789651982174900670","1295245436454723585","hallofe8"
"1789645234831540402","Sun May 12 13:40:41 +0000 2024","0","@SiaranBolaLive Turunin U23 aja","1789651916567584967","","SiaranBolaLive","in","Karawang, Jawa Barat","0","0","0","https://twitter.com/Bawanx84/status/1789651916567584967","936432070233960449","Bawanx84"
"1789651604209279391","Sun May 12 13:39:27 +0000 2024","0","Ini saatnya kita! üá≤üá® Kesempatan emas untuk menghadirkan piala itu untuk kali pertama ke tanah air. Terbuka lebar. Performa gila di Piala Asia 2024 pra-Piala Dunia 2026 dan Piala Asia U23 Memberikan kita kembali harapan untuk berpesta yang akankah kali ini jadi nyata. https://t.co/qt4pfuPgD8","1789651604209279391","https://pbs.twimg.com/media/GNYeo2LbgAA13e1.jpg","","in","","0","0","0","https://twitter.com/AWildanzj/status/1789651604209279391","211798140","AWildanzj"
"1789645234831540402","Sun May 12 13:31:29 +0000 2024","0","@aaaligun @SiaranBolaLive Cukup yg u23 kemarin aja tanpa ivar hubner struick dan nathan","1789649598761603295","","aaaligun","in","Bandung, Indonesia","0","0","0","https://twitter.com/NugrahaFajar95/status/1789649598761603295","802271150","NugrahaFajar95"
"1789646992391729643","Sun May 12 13:26:25 +0000 2024","2","@gilabola_ina @theaseanball Vietnam Indonesia Singapura Kamboja Laos Pakai pemain2 u20 dan tambahan dari pemain u23 + beberapa pemain senior dari Liga 1","1789648325224104013","","gilabola_ina","in","DIY,Daerah Istimewa Yogyakarta","0","0","0","https://twitter.com/aardwi15/status/1789648325224104013","1923596941","aardwi15"
"1789645234831540402","Sun May 12 13:20:49 +0000 2024","0","@SiaranBolaLive Kalo kirim pemain u23 bolehlah atau full lokal tapi kalo bawa pemain abroad gak dulu.","1789646914180513952","","SiaranBolaLive","in","","0","0","0","https://twitter.com/fauzisilmi77/status/1789646914180513952","804426516176044033","fauzisilmi77"
"1789645234831540402","Sun May 12 13:20:26 +0000 2024","1","@SiaranBolaLive Kirim aja pemain cadangan yg jarang diturunkan dari tim senior dan U23","1789646820953739277","","SiaranBolaLive","in","Kolong Langit","0","0","0","https://twitter.com/kumbang_tanduak/status/1789646820953739277","2175699494","kumbang_tanduak"
"1789645234831540402","Sun May 12 13:20:16 +0000 2024","0","@SiaranBolaLive U23 lig un aja udah yg main","1789646776330547562","","SiaranBolaLive","in","Tulungagung, Indonesia","0","0","0","https://twitter.com/aryfse/status/1789646776330547562","199611922","aryfse"
"1789646307251871951","Sun May 12 13:18:24 +0000 2024","0","Erick: Pemain Timnas U23 punya bekal kualifikasi Piala Dunia 2026 https://t.co/H1BvDXdphL","1789646307251871951","","","in","Malang, Jawa Timur","0","0","0","https://twitter.com/24hourindonesia/status/1789646307251871951","274921797","24hourindonesia"
"1789630866890846357","Sun May 12 13:17:48 +0000 2024","1","@TwtBolaPahang persoalan lebih penting kenapa dia xdigunakan masa AFC U23.....","1789646158345941383","","TwtBolaPahang","in","","0","1","0","https://twitter.com/MiMestalla/status/1789646158345941383","410242011","MiMestalla"
"1789645234831540402","Sun May 12 13:16:33 +0000 2024","1","@SiaranBolaLive Kirim pemain u20 + beberapa pemain u23 terus di tambah beberapa pemain senior yang main di Liga 1","1789645842259021839","","SiaranBolaLive","in","DIY,Daerah Istimewa Yogyakarta","0","0","0","https://twitter.com/aardwi15/status/1789645842259021839","1923596941","aardwi15"
"1789635557003587804","Sun May 12 13:14:16 +0000 2024","0","@Indostransfer Semoga aja yang main pemain2 u20 + pemain keturunan buat ajang seleksi di tambah beberapa pemain dari u23 dan ada pemain seniornya yg main di Liga 1","1789645267899490595","","Indostransfer","in","DIY,Daerah Istimewa Yogyakarta","0","1","0","https://twitter.com/aardwi15/status/1789645267899490595","1923596941","aardwi15"
"1789635557003587804","Sun May 12 13:13:36 +0000 2024","0","@Rifqizuhdi281 @PKananku1927 @Indostransfer @nofrizalwardoyo @Persija_Jkt Piala asia u23 juga bukan kalender fifa tapi ada target dari pssi tetap libur bisa aja aff ini liga libur karena pssi ngasih target karena indo belum pernah juara sekalipun","1789645099091243222","","Rifqizuhdi281","in","","0","1","0","https://twitter.com/Rizkydacos03/status/1789645099091243222","1780980786734534656","Rizkydacos03"
"1789644994459934734","Sun May 12 13:13:11 +0000 2024","1","Coach dan Timnas U23 kaliann udahh berjuang sampe sejauh ini proud of them üáÆüá©","1789644994459934734","","","in","Semarang, Jawa Tengah","0","0","0","https://twitter.com/nerhmww218/status/1789644994459934734","1291397676924145670","nerhmww218"
"1789613417986429244","Sun May 12 11:21:14 +0000 2024","0","@PorosHalangID Mau kasih motivasi lah min kayanya baru muncul di fyp dia kontennya ketum nasehatin pemain U23 ","1789616821018182059","","PorosHalangID","in","tangerang","0","0","0","https://twitter.com/saktii_14/status/1789616821018182059","470955760","saktii_14"
"1789614931534569625","Sun May 12 11:13:43 +0000 2024","1","Kibas kibas cuannya inces Link join di bawah ini https://t.co/3sJkWOVAeA #stasiunplay #slotgacorindonesia #u23 #timnasindonesia #viral #fyp #lambeturah #artisviral https://t.co/GCoYKdSuyH","1789614931534569625","https://pbs.twimg.com/ext_tw_video_thumb/1789614752567853056/pu/img/4rZ9MIoJ3wchSlzP.jpg","","in","INDONESIA","0","0","8","https://twitter.com/stasiunplay88/status/1789614931534569625","1518529392645128192","stasiunplay88"
"1789613312000536653","Sun May 12 11:07:17 +0000 2024","0","Jangan lebay ahh mereka bakal msuk ke tim senior loh dan jg yg u23 msih asa rafa hubner ivar marselino dll","1789613312000536653","","","in","","0","0","0","https://twitter.com/urijeonghanie11/status/1789613312000536653","1527852758921277441","urijeonghanie11"
"1789611753942421725","Sun May 12 11:01:06 +0000 2024","135","after match situation also ernando said di locker room kita semua menangis dn saling nguatin. u are guys did so well fak bakal kangen bgt sm squad u23 yg iniii https://t.co/Q09rgPBtt2","1789611753942421725","https://pbs.twimg.com/ext_tw_video_thumb/1789611702780383232/pu/img/I9oVis5grnbcPW1Q.jpg","","in","","1","0","17","https://twitter.com/matchanypn/status/1789611753942421725","1696942027995492353","matchanypn"
"1789611481551782327","Sun May 12 11:00:01 +0000 2024","0","Rafael Struick Resmi Terpilih Jadi Bintang Masa Depan Piala Asia U23 2024 https://t.co/OKLsOlbAAv","1789611481551782327","","","in","","0","0","0","https://twitter.com/radaraktual/status/1789611481551782327","853782937782714368","radaraktual"
"1789592354644705576","Sun May 12 10:53:22 +0000 2024","0","@anakgawang28_ @wepe20_ @indosupporter @TimnasIndonesia Indonesia lolos 16 piala Asia pertama kali trus u23 lolos 4 besar Asia rangking fifa timnas Indonesia naik trus mafia bola pada ketangkep","1789609808091619515","","anakgawang28_","in","","0","2","0","https://twitter.com/Goodtim29948505/status/1789609808091619515","1321737212405297152","Goodtim29948505"
"1789608161370128448","Sun May 12 10:46:49 +0000 2024","0","dicoba terus tiba tiba dapet menang gede! buruan cobain juga jangan liat doang! Link Daftar: https://t.co/U7BYF5aV2K #viral #sepakbola #fyp #seputarbola #infobola #fypviral #trending #videoviral #login #u23 #STY #shintaeyong #viral2024 #trending #viralvideo https://t.co/c6LxNT1LKQ","1789608161370128448","https://pbs.twimg.com/ext_tw_video_thumb/1789608024283451392/pu/img/NR6K1JoUhED9iF7J.jpg","","in","Bandung","0","0","0","https://twitter.com/ibetwinasia88/status/1789608161370128448","1194537635647115264","ibetwinasia88"
"1789568237736489040","Sun May 12 10:37:47 +0000 2024","0","@Lisanlbp @TimnasIndonesia @erickthohir @PSSI Yg dilihat itu bukan cuma hasilnya aja coba kali kali liat prosesnya tim U23 pria kmrin (itu juga berproses gk tiba jadi mereka dipersiapkan sebelumnya untuk WC U20) https://t.co/HcwC60bPMz","1789605889235976445","https://pbs.twimg.com/media/GNX1Elea0AA4u2O.jpg","Lisanlbp","in","Mars, France","0","0","0","https://twitter.com/Emats19/status/1789605889235976445","1449414515947229185","Emats19"
"1789596642863407500","Sun May 12 10:31:00 +0000 2024","0","@ainurohman gamau kan timnas u23 bisa 4 besar di afc u23","1789604179314663624","","ainurohman","in","√úT: -6.22425,106.87698","0","0","0","https://twitter.com/romadhanov/status/1789604179314663624","306599920","romadhanov"
"1789596642863407500","Sun May 12 10:26:26 +0000 2024","0","@ainurohman Itu ketumnya ga bikin konten talk shit diruang ganti kaya u23 kemaren ? Kurang ya engagement U17 wanita ? Kasian U17 korban dari ketololan federasi yg egois.","1789603031606350320","","ainurohman","in","West Borneo, Indonesia","0","2","0","https://twitter.com/whatascummyboi/status/1789603031606350320","961296057752694784","whatascummyboi"
"1789467775964250570","Sun May 12 10:18:10 +0000 2024","0","@ruangtaktik @bliblidotcom Min coba analisis pergerakan arhan . Saya pikir2 gol gol yg masuk k jala timnas d piala asia u23 krena kslahan nya tdk pintar mencari posisi. Dia slalu jdi permain terakhir d blakang . coba dia ngak ada . bisa jdi timnas k olimpiade","1789600951185379815","","ruangtaktik","in","","0","0","0","https://twitter.com/GokikNataw61165/status/1789600951185379815","1743064223230697472","GokikNataw61165"
"1789600917886742698","Sun May 12 10:18:02 +0000 2024","0","Wasit Francois yg memimpin pertandingan Indonesia U23 Vs Guinea U23 mengakui kesalahannya dan minta Maaf krn memberikan Finalty kpd Guinea U23 Apa cukup hanya minta Maaf kikmano nih Pak Erick ini kesempatan unt Protes Kemungkinan besar Kemenangan akan diberikan kpd Indonesia U23","1789600917886742698","","","in","","0","0","0","https://twitter.com/Budionotaslim3/status/1789600917886742698","1395713255637585923","Budionotaslim3"
"1789467775964250570","Sun May 12 10:16:23 +0000 2024","0","@ruangtaktik Min coba analisis pergerakan arhan . Saya pikir2 gol gol yg masuk k jala timnas d piala asia u23 krena kslahan nya tdk pintar mencari posisi. Dia slalu jdi permain terakhir d blakang . coba dia ngak ada . bisa jdi timnas k olimpiade","1789600502092833136","","ruangtaktik","in","","0","0","0","https://twitter.com/GokikNataw61165/status/1789600502092833136","1743064223230697472","GokikNataw61165"
"1789597314497315001","Sun May 12 10:03:43 +0000 2024","0","Ngeliat timnas u23 nyampe lupa mereka berondong aing udh tua aja","1789597314497315001","","","in","","0","0","0","https://twitter.com/chenlebabyy/status/1789597314497315001","1508731312882216962","chenlebabyy"
"1789238553026904224","Sun May 12 09:53:14 +0000 2024","0","@KRathalos97 @FT_IDN Dari pengalaman STY gada yg mustahil dari kualifikasi piala Asia 2023 yg secara ajaib lolos dengan squad medioker dan lolos semifinal piala Asia U23 yg bahkan orang pesimis Lolos grup. Yakin bisa melangkah jauh di kualifikasi pildun","1789594677689430089","","KRathalos97","in","At your mom's house ","0","0","0","https://twitter.com/TheIndoLad/status/1789594677689430089","1526556676274405378","TheIndoLad"
"1789432932861407698","Sun May 12 09:43:12 +0000 2024","0","@besta_ @rmdn_hani AFC U23 kemarin Australia juga ikut bukannya ?","1789592150327566679","","besta_","in","","0","0","0","https://twitter.com/elpianmoe/status/1789592150327566679","1744917754745069568","elpianmoe"
"1789590016232178140","Sun May 12 09:34:43 +0000 2024","2","udah cocok gabung U23 @ sty nim","1789590016232178140","","","in","530","0","0","0","https://twitter.com/nootnbubbly/status/1789590016232178140","1689560256492527616","nootnbubbly"
"1789579524713460096","Sun May 12 09:32:00 +0000 2024","1","@idextratime Pak @erickthohir kan nonton timnas u23 kan udah pak coba lah nonton timnas wanita seoolah2 bapak pilikasih ke timnas wanita apakah bapak malu menerima fakta timnas wanita kayak gini","1789589332548063537","","idextratime","in","","0","0","0","https://twitter.com/RRN69047493/status/1789589332548063537","1395905031052791809","RRN69047493"
"1789364865733411325","Sat May 11 18:40:03 +0000 2024","0","gustii bias gw nambah beneran iniii. tiba2 jadi sayang banget sama timnas u23 kemarennnnn. cuz i really love them soooo muchhh even he's pure blood or a halfÔ∏è","1789364865733411325","","","in","Yogyakarta, Indonesia","0","0","0","https://twitter.com/paricaaaa2_/status/1789364865733411325","1249337408241319941","paricaaaa2_"
"1789246555708604696","Sat May 11 18:19:25 +0000 2024","0","@idextratime Mungkin alasan lainnya coach STY sampai begitu adalah puncak kekesalan/frustasi/perlakuan tidak adil dgn match official. Dikerjai berulang kali di AFC-U23 di Qatar eh sampai di Perancis dalam partai terakhir hidup-mati masih juga dikerjai ","1789359673935876501","","idextratime","in","Jakarta Capital Region","0","0","0","https://twitter.com/andry_jns/status/1789359673935876501","232167063","andry_jns"
"1789359593291727079","Sat May 11 18:19:06 +0000 2024","0","Kok bisa seenaknya ngomong suruh ngambil pemain sini. Liat noh STY awal dateng masih harus ngajarin passing dasar. Mentang kemaren maen bagus pas U23 piala Asia. Gak liat masalah pembinaan yg ancur lebur","1789359593291727079","","","in","Malang, Jawa Timur","0","0","0","https://twitter.com/ichtiaradimas/status/1789359593291727079","1057306776293400577","ichtiaradimas"
"1789274329991315482","Sat May 11 18:12:59 +0000 2024","0","@tanyakanrl Gausah lebay. Namanya sepakbola ya gitu ada regenerasi. Mereka ga di U23 berarti waktunya ke tim senior. Gitu aja terus sampe kiamat. Yg paling penting tuh timnas kita udah punya susunan pemain yg bagus buat turnamen2 kedepan. Itu juga kalo ga ada yg sabotase","1789358056331215106","","tanyakanrl","in","realmadrid.","0","0","0","https://twitter.com/inVinitycarissa/status/1789358056331215106","1044377019897663488","inVinitycarissa"
"1789357900432863667","Sat May 11 18:12:59 +0000 2024","0","@idextratime @bliblidotcom Cakep bgt golnya bakal saingan nih gol terbaik sama struick di afc u23","1789358055068778847","","idextratime","in","","0","0","0","https://twitter.com/agnroo/status/1789358055068778847","1119937992783622144","agnroo"
"1789355800881979847","Sat May 11 18:04:02 +0000 2024","0","Timnas u23 harus masuk Olimpiade 2024?","1789355800881979847","","","in","Indonesia","0","0","0","https://twitter.com/rereesiregaar/status/1789355800881979847","3925519164","rereesiregaar"
"1789274329991315482","Sat May 11 17:31:05 +0000 2024","0","@tanyakanrl aaaa masih pengen liat rizky ridho di u23 ","1789347508348715368","","tanyakanrl","in","üîû | 21+","0","0","0","https://twitter.com/MARISSA_firda/status/1789347508348715368","347702916","MARISSA_firda"
"1789347223488389187","Sat May 11 17:29:57 +0000 2024","0","15 hari lagi (27 Mei) Timnas Indonesia senior memulai pelatnas untuk kualifikasi Piala Dunia 2026. Pemain inti U23 bener2 sibuk banget. Abis AFC gak lama kemuadian langsung siap2 ke tim senior. Moga selama 2 minggu ini mereka bisa relax dan bisa memulihkan mental.","1789347223488389187","","","in","Mondar mandir Jaktim Jaksel","0","0","0","https://twitter.com/kamar_agung/status/1789347223488389187","134056083","kamar_agung"
"1789241257442836495","Sat May 11 17:02:19 +0000 2024","0","@AinulNunanaa Cuba lah rize dan versa","1789340272507424981","","AinulNunanaa","in","Malaysia","0","0","0","https://twitter.com/suarez781/status/1789340272507424981","2386184155","suarez781"
"1789320046331961501","Sat May 11 16:42:44 +0000 2024","0","@baaaatsy @idextratime ya wajar sih pas tc suwon februari dia sakit lama sembuh bentar maret dipanggil timnas sakit lagi sembuh semingguan eh dipanggil u23.","1789335340404416520","","baaaatsy","in","location unknown","0","0","0","https://twitter.com/tyrthepearl/status/1789335340404416520","1537407173482848256","tyrthepearl"
"1789333317181231123","Sat May 11 16:42:17 +0000 2024","0","@SeputarMadrid Mau menang tp kasian Granada mau degradasi harus nya Madrid mainin U23 aja semua..","1789335228583915570","","SeputarMadrid","in","","0","1","0","https://twitter.com/pemburu__tikus/status/1789335228583915570","1351822181311913985","pemburu__tikus"
"1789274329991315482","Sat May 11 16:37:27 +0000 2024","0","@tanyakanrl Lah kok sedih? Dari awal kan mereka tujuannya emang ke timnas senior. U23 cuma sementara","1789334011124584915","","tanyakanrl","in","","0","0","0","https://twitter.com/vayandmiu/status/1789334011124584915","1435052495219277825","vayandmiu"
"1789327689872261375","Sat May 11 16:24:25 +0000 2024","0","@PurwaNug @UpdateBolabola Pemain lokal senior udah pasti sih itu itu aja karena pengalamannya bagus dan jangan bedain sama pemain lokal junior yang main di afc u23 kemarin karena kalau bicara tentang pengalaman kurang meskipun ada sebagain pemain yang udah memperkuat timnas senior.","1789330733619880386","","PurwaNug","in","","0","0","0","https://twitter.com/russellll652/status/1789330733619880386","1736943476825366528","russellll652"
